<?xml version="1.0" encoding="UTF-8"?>
<package version="2.1" xmlns="http://pear.php.net/dtd/package-2.1" xmlns:tasks="http://pear.php.net/dtd/tasks-1.0" xmlns:xsi="http://www.w3.org/2001/XMLSchema-instance" xsi:schemaLocation="http://pear.php.net/dtd/tasks-1.0     http://pear.php.net/dtd/tasks-1.0.xsd     http://pear.php.net/dtd/package-2.1     http://pear.php.net/dtd/package-2.1.xsd">
 <name>rdkafka</name>
 <channel>pecl.php.net</channel>
 <summary>Kafka client based on librdkafka</summary>
 <description>This extension is a librdkafka binding providing a working client for Kafka 0.8, 0.9, 0.10</description>
 <lead>
  <name>Arnaud Le Blanc</name>
  <user>lbarnaud</user>
  <email>arnaud.lb@gmail.com</email>
  <active>yes</active>
 </lead>
 <date>2017-11-20</date>
 <time>12:00:00</time>
 <version>
  <release>3.0.5</release>
  <api>1.0.0</api>
 </version>
 <stability>
  <release>stable</release>
  <api>stable</api>
 </stability>
 <license uri="http://opensource.org/licenses/mit-license.php">MIT License</license>
 <notes>
 * Fixed destruction order, fixes hangs during RdKafka\Consumer destruction
 </notes>
 <contents>
  <dir name="/">
   <dir name="examples">
    <file role="doc" name="consumer.php"/>
    <file role="doc" name="producer.php"/>
   </dir>
   <file role="doc" name="CREDITS"/>
   <file role="doc" name="LICENSE"/>
   <file role="doc" name="README.md"/>
   <file role="src" name="compat.c"/>
   <file role="src" name="compat.h"/>
   <file role="src" name="conf.c"/>
   <file role="src" name="conf.h"/>
   <file role="src" name="config.m4"/>
   <file role="src" name="config.w32"/>
   <file role="src" name="fun.c"/>
   <file role="src" name="fun.h"/>
   <file role="src" name="kafka_consumer.c"/>
   <file role="src" name="kafka_consumer.h"/>
   <file role="src" name="message.c"/>
   <file role="src" name="message.h"/>
   <file role="src" name="metadata.c"/>
   <file role="src" name="metadata.h"/>
   <file role="src" name="metadata_broker.c"/>
   <file role="src" name="metadata_broker.h"/>
   <file role="src" name="metadata_collection.c"/>
   <file role="src" name="metadata_collection.h"/>
   <file role="src" name="metadata_partition.c"/>
   <file role="src" name="metadata_partition.h"/>
   <file role="src" name="metadata_topic.c"/>
   <file role="src" name="metadata_topic.h"/>
   <file role="src" name="php_rdkafka.h"/>
   <file role="src" name="php_rdkafka_priv.h"/>
   <file role="src" name="queue.c"/>
   <file role="src" name="queue.h"/>
   <file role="src" name="rdkafka.c"/>
   <file role="src" name="topic.c"/>
   <file role="src" name="topic.h"/>
   <file role="src" name="topic_partition.c"/>
   <file role="src" name="topic_partition.h"/>
   <file role="src" name="zeval.h"/>
  </dir>
 </contents>
 <dependencies>
  <required>
   <php>
    <min>5.3.0</min>
    <max>7.99.99</max>
   </php>
   <pearinstaller>
    <min>1.4.8</min>
   </pearinstaller>
  </required>
 </dependencies>
 <providesextension>rdkafka</providesextension>
 <extsrcrelease/>
 <changelog>
  <release>
   <date>2017-08-16</date>
   <time>12:00:00</time>
   <version>
    <release>3.0.4</release>
    <api>1.0.0</api>
   </version>
   <stability>
    <release>stable</release>
    <api>stable</api>
   </stability>
   <license uri="http://opensource.org/licenses/mit-license.php">MIT License</license>
   <notes>
   * Fixed destruction order, fixes hangs during RdKafka\Consumer destruction
   * Added RdKafka\Conf::setStatsCb
   </notes>
  </release>
  <release>
   <date>2017-05-29</date>
   <time>12:00:00</time>
   <version>
    <release>3.0.3</release>
    <api>1.0.0</api>
   </version>
   <stability>
    <release>stable</release>
    <api>stable</api>
   </stability>
   <license uri="http://opensource.org/licenses/mit-license.php">MIT License</license>
   <notes>
   * Reduced termination times
   </notes>
  </release>
  <release>
   <date>2017-05-23</date>
   <time>12:00:00</time>
   <version>
    <release>3.0.2</release>
    <api>1.0.0</api>
   </version>
   <stability>
    <release>stable</release>
    <api>stable</api>
   </stability>
   <license uri="http://opensource.org/licenses/mit-license.php">MIT License</license>
   <notes>
   * Fixed ConsumerTopic::consumeStop() hanging on PHP 5
   </notes>
  </release>
  <release>
   <date>2017-01-28</date>
   <time>12:00:00</time>
   <version>
    <release>3.0.1</release>
    <api>1.0.0</api>
   </version>
   <stability>
    <release>stable</release>
    <api>stable</api>
   </stability>
   <license uri="http://opensource.org/licenses/mit-license.php">MIT License</license>
   <notes>
   * Fixed build on old gcc
   </notes>
  </release>
  <release>
   <date>2016-12-18</date>
   <time>12:00:00</time>
   <version>
    <release>3.0.0</release>
    <api>1.0.0</api>
   </version>
   <stability>
    <release>stable</release>
    <api>stable</api>
   </stability>
   <license uri="http://opensource.org/licenses/mit-license.php">MIT License</license>
   <notes>
   * Unified code for PHP versions 5 and 7. This package builds and works on
     PHP 5.3 through PHP 7.x.
   </notes>
  </release>
  <release>
   <date>2016-09-09</date>
   <time>12:00:00</time>
   <version>
    <release>1.0.0</release>
    <api>1.0.0</api>
   </version>
   <stability>
    <release>beta</release>
    <api>beta</api>
   </stability>
   <license uri="http://opensource.org/licenses/mit-license.php">MIT License</license>
   <notes>
    This version of rdkafka is indented for php version 5. To compile rdkafka for
    newer versions of php, use the pecl package version 2.

     * Added high level consumer: Rdkafka\KafkaConsumer (librdkafka 0.9)
     * RD_KAFKA_VERSION now reports the runtime librdkafka version
     * Added RD_KAFKA_BUILD_VERSION
     * Export runtime-provided constants from librdkafka (librdkafka 0.9)
     * Added rd_kafka_get_err_descs() (librdkafka 0.9)
     * Improve reflection/arginfo
     * Rdkafka::metadata() is now a deprecated alias to Rdkafka::getMetadata()
     * Rdkafka::outqLen() is now a deprecated alias to Rdkafka::getOutQLen()
     * Rdkafka now throws Rdkafka\Exception instances
     * Added Rdkafka\Conf::setDefaultTopicConf() (librdkafka 0.9)
     * Added Rdkafka\Conf::setDrMsgCb() (librdkafka 0.9)
   </notes>
  </release>
  <release>
   <date>2016-01-11</date>
   <time>10:30:00</time>
   <version>
    <release>0.9.1</release>
    <api>0.9.0</api>
   </version>
   <stability>
    <release>beta</release>
    <api>beta</api>
   </stability>
   <license uri="http://opensource.org/licenses/mit-license.php">MIT License</license>
   <notes>
    * Allow to build against librdkafka master/0.9.x
   </notes>
  </release>
  <release>
   <date>2016-01-09</date>
   <time>14:00:00</time>
   <version>
    <release>0.9.0</release>
    <api>0.9.0</api>
   </version>
   <stability>
    <release>beta</release>
    <api>beta</api>
   </stability>
   <license uri="http://opensource.org/licenses/mit-license.php">MIT License</license>
   <notes>
    * Metadata API
    * Consistent partitioner
    * Fix ZTS build
   </notes>
  </release>
  <release>
   <date>2015-05-13</date>
   <time>16:26:12</time>
   <version>
    <release>0.0.2</release>
    <api>0.1.0</api>
   </version>
   <stability>
    <release>alpha</release>
    <api>alpha</api>
   </stability>
   <notes>Fixed package</notes>
  </release>
 </changelog>
</package>
